title,year,decade,genre,runtime,budget,imdb_rating,imdb_votes,num_female_chars,num_male_chars,female_char_share,female_lines_count,total_lines_count,female_line_share,num_ff_conversations,longest_ff_exchange,male_talk_score,director_female_presence,writer_female_share,bechdel_rating,pass_bechdel
10 Things I Hate About You,1999,1990,Comedy,97,16000000.0,6.9,62847,4,5,0.444,277,668,0.415,37,8,0.043,0,1.0,3,1
2001: A Space Odyssey,1968,1960,Adventure,149,12000000.0,8.4,163227,1,4,0.2,0,272,0.0,0,0,0.0,0,0.0,0,0
48 Hrs.,1982,1980,Action,96,12000000.0,6.9,22289,3,8,0.273,59,578,0.102,0,0,0.0,0,0.0,2,0
The Fifth Element,1997,1990,Action,126,90000000.0,7.5,133756,2,10,0.167,38,421,0.09,0,0,0.0,0,0.0,1,0
8Mm,1999,1990,Crime,123,40000000.0,6.3,48212,2,8,0.2,34,584,0.058,0,0,0.0,0,0.0,1,0
A Nightmare On Elm Street 4: The Dream Master,1988,1980,Fantasy,93,6500000.0,5.2,13590,6,2,0.75,54,155,0.348,17,5,0.011,0,0.0,3,1
Air Force One,1997,1990,Action,124,85000000.0,6.3,61978,2,6,0.25,0,368,0.0,0,0,0.0,0,0.0,1,0
Airplane!,1980,1980,Comedy,88,3500000.0,7.8,57692,7,6,0.538,50,236,0.212,3,6,0.011,0,0.0,3,1
Alien Nation,1988,1980,Crime,91,16000000.0,6.1,5590,1,3,0.25,0,316,0.0,0,0,0.0,0,0.0,1,0
Aliens,1986,1980,Action,137,18500000.0,8.5,173518,2,4,0.333,163,359,0.454,20,8,0.013,0,0.0,3,1
Amadeus,1984,1980,Biography,160,18000000.0,8.4,99138,4,9,0.308,155,1007,0.154,0,0,0.0,0,0.0,3,1
An American Werewolf In London,1981,1980,Horror,97,10000000.0,7.5,24443,3,5,0.375,128,578,0.221,1,6,0.08,0,0.0,2,0
American Outlaws,2001,2000,Action,94,35000000.0,5.7,7425,2,14,0.125,46,669,0.069,0,0,0.0,0,0.0,1,0
American Psycho,2000,2000,Drama,102,7000000.0,7.4,101357,8,3,0.727,131,678,0.193,0,0,0.0,1,1.0,1,0
Antitrust,2001,2000,Drama,108,30000000.0,6.0,16453,2,10,0.167,127,526,0.241,0,0,0.0,0,0.0,2,0
Austin Powers: International Man Of Mystery,1997,1990,Action,89,16500000.0,7.1,75240,5,9,0.357,103,483,0.213,5,10,0.067,0,0.0,2,0
The Avengers,1998,1990,Action,89,60000000.0,3.4,21519,3,5,0.375,226,498,0.454,13,13,0.026,0,0.0,3,1
Bachelor Party,1984,1980,Comedy,105,6000000.0,5.9,14050,5,5,0.5,63,480,0.131,8,5,0.059,0,0.0,3,1
Barry Lyndon,1975,1970,Drama,188,11000000.0,8.1,40622,1,11,0.083,27,338,0.08,0,0,0.0,0,0.0,1,0
Basic,2003,2000,Crime,98,50000000.0,6.3,26295,1,5,0.167,137,678,0.202,0,0,0.0,0,0.0,3,1
Big Fish,2003,2000,Adventure,125,70000000.0,8.1,144264,3,8,0.273,105,407,0.258,6,3,0.026,0,0.0,1,0
Blade Runner,1982,1980,Drama,118,28000000.0,8.3,188735,2,10,0.167,83,494,0.168,0,0,0.0,0,0.0,1,0
Blast From The Past,1999,1990,Comedy,112,35000000.0,6.4,23489,5,11,0.312,331,980,0.338,0,0,0.0,0,0.0,3,1
Blue Velvet,1986,1980,Crime,120,6000000.0,7.8,54576,5,7,0.417,244,689,0.354,0,0,0.0,0,0.0,1,0
The Boondock Saints,1999,1990,Action,108,6000000.0,7.8,87895,0,10,0.0,0,501,0.0,0,0,0.0,0,0.0,0,0
The Bourne Supremacy,2004,2000,Action,108,75000000.0,7.6,106349,4,6,0.4,167,390,0.428,7,17,0.086,0,0.0,2,0
Braveheart,1995,1990,Action,178,72000000.0,8.4,245652,3,7,0.3,62,281,0.221,3,5,0.136,0,0.0,2,0
The Butterfly Effect,2004,2000,Drama,113,13000000.0,7.8,104917,5,9,0.357,126,440,0.286,3,4,0.019,0,0.0,2,0
Casablanca,1942,1940,Drama,102,878000.0,8.8,170874,3,10,0.231,134,834,0.161,0,0,0.0,0,0.0,1,0
Cast Away,2000,2000,Adventure,143,90000000.0,7.5,104477,2,4,0.333,57,400,0.142,0,0,0.0,0,0.0,2,0
The Cider House Rules,1999,1990,Drama,126,24000000.0,7.5,38836,5,10,0.333,135,576,0.234,6,3,0.049,0,0.0,3,1
Dark Star,1974,1970,Comedy,83,60000.0,6.5,8303,0,7,0.0,0,288,0.0,0,0,0.0,0,0.0,0,0
Donnie Darko,2001,2000,Drama,114,4500000.0,8.3,215194,4,12,0.25,57,502,0.114,5,5,0.036,0,0.0,3,1
Drop Dead Gorgeous,1999,1990,Comedy,98,10000000.0,6.3,16417,10,7,0.588,155,306,0.507,53,10,0.005,0,1.0,3,1
Duck Soup,1933,1930,Comedy,68,,8.1,27112,1,5,0.167,0,321,0.0,0,0,0.0,0,0.0,1,0
Eternal Sunshine Of The Spotless Mind,2004,2000,Drama,108,20000000.0,8.5,224838,4,4,0.5,337,828,0.407,3,3,0.024,0,0.0,2,0
Even Cowgirls Get The Blues,1993,1990,Comedy,96,8000000.0,4.0,3947,2,4,0.333,77,151,0.51,10,5,0.017,0,0.0,3,1
Event Horizon,1997,1990,Horror,96,60000000.0,6.4,45497,2,5,0.286,132,601,0.22,6,3,0.028,0,0.0,3,1
Fantastic Four,2005,2000,Action,106,100000000.0,5.7,72581,4,5,0.444,92,450,0.204,0,0,0.0,0,0.0,1,0
Fast Times At Ridgemont High,1982,1980,Comedy,90,4500000.0,7.2,31710,4,8,0.333,235,589,0.399,32,13,0.041,1,0.0,2,0
Fear And Loathing In Las Vegas,1998,1990,Drama,118,18500000.0,7.6,82748,2,4,0.333,19,368,0.052,0,0,0.0,0,0.25,1,0
Frances,1982,1980,Biography,140,8000000.0,7.2,2756,4,8,0.333,386,729,0.529,27,9,0.004,0,0.0,3,1
Frankenstein,1931,1930,Drama,70,291000.0,8.0,23522,1,2,0.333,50,341,0.147,0,0,0.0,0,0.0,1,0
Friday The 13Th,2009,2000,Horror,97,19000000.0,5.6,27499,1,1,0.5,51,233,0.219,0,0,0.0,0,0.0,2,0
From Dusk Till Dawn,1996,1990,Action,108,19000000.0,7.1,81559,1,7,0.125,44,448,0.098,0,0,0.0,0,0.0,1,0
G.I. Jane,1997,1990,Action,125,50000000.0,5.6,24068,4,9,0.308,238,498,0.478,18,10,0.018,0,0.5,3,1
Godzilla,1998,1990,Action,138,130000000.0,4.9,60310,2,5,0.286,77,305,0.252,8,5,0.098,0,0.0,3,1
Galaxy Quest,1999,1990,Action,102,45000000.0,7.2,53004,1,11,0.083,92,574,0.16,0,0,0.0,0,0.0,1,0
Ghost World,2001,2000,Comedy,111,7000000.0,7.7,43550,6,7,0.462,659,985,0.669,98,13,0.042,0,0.0,3,1
Ghostbusters Ii,1989,1980,Action,108,37000000.0,6.1,45450,3,9,0.25,95,497,0.191,0,0,0.0,0,0.0,2,0
Gladiator,2000,2000,Action,155,103000000.0,8.4,286067,2,9,0.182,63,377,0.167,0,0,0.0,0,0.0,0,0
The Graduate,1967,1960,Comedy,107,3000000.0,8.2,79677,5,6,0.455,399,1014,0.393,0,0,0.0,0,0.0,2,0
Grand Hotel,1932,1930,Drama,112,,7.7,6088,3,13,0.188,229,832,0.275,10,6,0.014,0,0.0,3,1
Halloween H20: 20 Years Later,1998,1990,Drama,86,17000000.0,5.4,22353,2,3,0.4,65,261,0.249,2,4,0.071,0,0.0,3,1
Harold And Maude,1971,1970,Comedy,92,1200000.0,8.1,28689,5,5,0.5,176,530,0.332,8,6,0.038,0,0.0,3,1
Hellbound: Hellraiser Ii,1988,1980,Drama,97,3000000.0,6.2,11273,4,3,0.571,43,116,0.371,3,4,0.0,0,0.0,1,0
Hellboy,2004,2000,Action,122,66000000.0,6.8,68619,1,4,0.2,0,289,0.0,0,0,0.0,0,0.0,1,0
Hellraiser,1987,1980,Horror,93,1000000.0,7.0,22922,3,7,0.3,240,508,0.472,10,5,0.028,0,0.0,3,1
High Fidelity,2000,2000,Comedy,113,30000000.0,7.6,70464,7,4,0.636,244,824,0.296,0,0,0.0,0,0.0,2,0
Highlander,1986,1980,Action,116,19000000.0,7.2,41243,1,5,0.167,143,649,0.22,0,0,0.0,0,0.0,3,1
His Girl Friday,1940,1940,Comedy,92,,8.1,20870,3,13,0.188,353,1148,0.307,12,4,0.041,0,0.0,3,1
Hope And Glory,1987,1980,Drama,113,,7.4,4965,4,6,0.4,103,303,0.34,25,4,0.032,0,0.0,3,1
House Of 1000 Corpses,2003,2000,Horror,89,7000000.0,5.6,27033,4,4,0.5,209,613,0.341,38,10,0.032,0,0.0,3,1
Human Nature,2001,2000,Comedy,96,6000000.0,6.3,10017,2,3,0.4,237,554,0.428,0,0,0.0,0,0.0,3,1
The Hustler,1961,1960,Drama,134,2000000.0,8.2,25871,1,8,0.111,121,695,0.174,0,0,0.0,0,0.0,0,0
I Am Legend,2007,2000,Drama,101,150000000.0,7.1,156084,1,1,0.5,33,97,0.34,0,0,0.0,0,0.0,3,1
Independence Day,1996,1990,Action,145,75000000.0,6.6,151698,3,9,0.25,49,347,0.141,0,0,0.0,0,0.0,3,1
Indiana Jones And The Last Crusade,1989,1980,Action,127,48000000.0,8.3,174947,1,6,0.143,37,418,0.089,0,0,0.0,0,0.0,0,0
Indiana Jones And The Temple Of Doom,1984,1980,Action,118,28000000.0,7.5,112054,1,6,0.143,113,364,0.31,0,0,0.0,0,0.5,0,0
Intolerable Cruelty,2003,2000,Comedy,100,60000000.0,6.4,36739,5,5,0.5,233,680,0.343,32,10,0.052,0,0.0,3,1
It Happened One Night,1934,1930,Comedy,105,325000.0,8.3,25577,2,7,0.222,360,862,0.418,14,24,0.053,0,0.0,3,1
Jfk,1991,1990,Biography,189,40000000.0,8.0,60406,6,14,0.3,77,740,0.104,0,0,0.0,0,0.0,3,1
Jackie Brown,1997,1990,Crime,154,12000000.0,7.6,85496,5,7,0.417,423,1214,0.348,19,8,0.037,0,0.0,3,1
Jason X,2001,2000,Horror,91,11000000.0,4.4,18199,2,5,0.286,29,504,0.058,0,0,0.0,0,0.0,3,1
Jaws,1975,1970,Thriller,124,7000000.0,8.3,140982,1,8,0.111,34,413,0.082,0,0,0.0,0,0.0,3,1
Juno,2007,2000,Comedy,96,7500000.0,7.9,152436,10,4,0.714,456,673,0.678,83,20,0.015,0,1.0,3,1
Kids,1995,1990,Crime,91,1500000.0,6.8,26546,4,9,0.308,135,532,0.254,11,8,0.046,0,0.0,3,1
Krull,1983,1980,Action,121,27000000.0,5.9,8246,3,8,0.273,57,481,0.119,0,0,0.0,0,0.0,1,0
Legally Blonde,2001,2000,Comedy,96,18000000.0,6.2,44558,9,5,0.643,277,518,0.535,70,7,0.029,0,1.0,3,1
Legend,1985,1980,Adventure,94,24500000.0,6.2,20907,3,4,0.429,147,777,0.189,0,0,0.0,0,0.0,3,1
Little Nicky,2000,2000,Animation,90,85000000.0,5.0,35489,3,14,0.176,60,439,0.137,5,2,0.024,0,0.0,1,0
Lost Highway,1997,1990,Drama,134,15000000.0,7.6,42998,5,12,0.294,106,490,0.216,2,5,0.034,0,0.0,1,0
Lost Horizon,1937,1930,Adventure,132,4000000.0,7.8,5509,3,6,0.333,29,654,0.044,0,0,0.0,0,0.0,2,0
Men In Black,1997,1990,Action,98,90000000.0,7.0,121719,1,7,0.125,29,407,0.071,0,0,0.0,0,0.0,1,0
Minority Report,2002,2000,Action,145,102000000.0,7.7,137009,5,12,0.294,101,683,0.148,0,0,0.0,0,0.0,1,0
Malcolm X,1992,1990,Biography,202,34000000.0,7.7,23317,8,13,0.381,52,546,0.095,1,11,0.021,0,0.0,3,1
Marty,1955,1950,Drama,90,343000.0,7.7,6379,5,6,0.455,167,462,0.361,21,9,0.022,0,0.0,3,1
Meet John Doe,1941,1940,Comedy,123,,7.7,4841,3,7,0.3,143,512,0.279,3,13,0.04,0,0.0,3,1
Metropolis,1927,1920,Adventure,148,5300000.0,8.4,40730,1,0,1.0,24,273,0.088,0,0,0.0,0,0.5,1,0
Monkeybone,2001,2000,Animation,93,75000000.0,4.5,8258,4,6,0.4,54,304,0.178,12,7,0.056,0,0.0,3,1
Mr. Smith Goes To Washington,1939,1930,Drama,130,1500000.0,8.4,33984,3,13,0.188,255,942,0.271,0,0,0.0,0,0.0,2,0
Mr. Deeds Goes To Town,1936,1930,Comedy,115,,8.0,7594,5,16,0.238,147,798,0.184,19,16,0.071,0,0.0,3,1
The Mummy,1999,1990,Action,124,80000000.0,6.9,96736,1,5,0.167,116,383,0.303,0,0,0.0,0,0.0,1,0
Mystery Men,1999,1990,Action,121,68000000.0,5.9,31817,2,7,0.222,51,429,0.119,0,0,0.0,0,0.0,1,0
Next Friday,2000,2000,Comedy,98,11000000.0,5.4,10267,4,9,0.308,22,473,0.047,0,0,0.0,0,0.0,2,0
Nick Of Time,1995,1990,Crime,89,33000000.0,6.2,15945,4,6,0.4,32,378,0.085,8,5,0.005,0,0.0,3,1
The Night Of The Hunter,1955,1950,Drama,93,795000.0,8.2,26211,5,5,0.5,89,445,0.2,9,13,0.088,0,0.0,3,1
A Nightmare On Elm Street,1984,1980,Horror,91,1800000.0,7.4,47161,3,2,0.6,148,263,0.563,30,5,0.029,0,0.0,3,1
Ninotchka,1939,1930,Comedy,110,1365000.0,7.9,6951,3,11,0.214,440,1015,0.433,17,25,0.013,0,0.0,3,1
No Country For Old Men,2007,2000,Crime,122,25000000.0,8.3,202649,2,9,0.182,62,600,0.103,0,0,0.0,0,0.0,3,1
"O Brother, Where Art Thou?",2000,2000,Adventure,107,26000000.0,7.8,95628,1,7,0.125,21,316,0.066,0,0,0.0,0,0.0,0,0
An Officer And A Gentleman,1982,1980,Drama,124,7500000.0,6.8,16883,4,6,0.4,139,499,0.279,11,9,0.058,0,0.0,3,1
Panic Room,2002,2000,Thriller,111,48000000.0,6.9,69824,3,4,0.429,136,344,0.395,33,11,0.03,0,0.0,3,1
The Patriot,2000,2000,Action,165,110000000.0,6.9,79207,4,5,0.444,0,382,0.0,0,0,0.0,0,0.0,3,1
Pleasantville,1998,1990,Comedy,124,60000000.0,7.5,49669,3,8,0.273,205,666,0.308,8,5,0.008,0,0.0,3,1
Punch-Drunk Love,2002,2000,Comedy,96,25000000.0,7.4,50312,4,8,0.333,217,765,0.284,8,16,0.038,0,0.0,1,0
Raging Bull,1980,1980,Biography,129,18000000.0,8.4,91851,2,6,0.25,84,450,0.187,0,0,0.0,0,0.0,1,0
Rear Window,1954,1950,Crime,113,1000000.0,8.7,121165,2,2,0.5,196,601,0.326,0,0,0.0,0,0.0,3,1
Rebel Without A Cause,1955,1950,Drama,111,1500000.0,7.9,27791,2,10,0.167,129,605,0.213,0,0,0.0,0,0.0,1,0
Reservoir Dogs,1992,1990,Crime,99,1200000.0,8.4,217185,0,10,0.0,0,465,0.0,0,0,0.0,0,0.0,0,0
Scary Movie 2,2001,2000,Comedy,82,45000000.0,4.7,44511,5,8,0.385,133,470,0.283,22,9,0.026,0,0.143,3,1
Serial Mom,1994,1990,Comedy,94,13000000.0,6.4,11077,7,4,0.636,129,330,0.391,29,9,0.012,0,0.0,3,1
The Seventh Victim,1943,1940,Drama,71,100000.0,6.9,1596,10,6,0.625,174,497,0.35,30,11,0.001,0,0.0,3,1
"Sex, Lies, And Videotape",1989,1980,Drama,101,1200000.0,7.1,18505,2,3,0.4,473,878,0.539,16,24,0.04,0,0.0,2,0
Shock Treatment,1981,1980,Comedy,94,3500000.0,5.4,1884,3,7,0.3,24,306,0.078,0,0,0.0,0,0.0,3,1
Sideways,2004,2000,Comedy,127,16000000.0,7.8,70349,6,3,0.667,96,823,0.117,0,0,0.0,0,0.0,3,1
Signs,2002,2000,Drama,106,72000000.0,6.9,113119,2,3,0.4,23,264,0.087,0,0,0.0,0,0.0,1,0
The Sixth Sense,1999,1990,Drama,107,40000000.0,8.2,244162,3,3,0.5,30,266,0.113,3,5,0.03,0,0.0,3,1
Slither,2006,2000,Comedy,96,15000000.0,6.6,26497,6,4,0.6,79,195,0.405,22,5,0.026,0,0.0,3,1
Solaris,2002,2000,Drama,99,47000000.0,6.2,33541,1,3,0.25,102,366,0.279,0,0,0.0,0,0.0,1,0
Spider-Man,2002,2000,Action,121,139000000.0,7.4,169898,3,5,0.375,79,411,0.192,2,7,0.105,0,0.0,1,0
Stalag 17,1953,1950,Drama,120,1661530.0,8.2,21182,0,10,0.0,0,552,0.0,0,0,0.0,0,0.0,0,0
Star Trek: Generations,1994,1990,Action,118,38000000.0,6.5,26662,4,3,0.571,19,326,0.058,6,3,0.081,0,0.0,3,1
Star Trek Iii: The Search For Spock,1984,1980,Action,105,18000000.0,6.5,22466,1,8,0.111,55,434,0.127,0,0,0.0,0,0.0,1,0
Star Trek: The Wrath Of Khan,1982,1980,Action,113,12000000.0,7.8,36503,2,6,0.25,66,616,0.107,0,0,0.0,0,0.0,3,1
Star Trek Iv: The Voyage Home,1986,1980,Adventure,118,21000000.0,7.3,26423,3,11,0.214,83,624,0.133,0,0,0.0,0,0.0,3,1
Star Trek: Insurrection,1998,1990,Action,103,70000000.0,6.3,26728,4,8,0.333,56,475,0.118,0,0,0.0,0,0.0,3,1
Star Trek: First Contact,1996,1990,Action,111,46000000.0,7.6,45429,3,6,0.333,75,423,0.177,0,0,0.0,0,0.0,3,1
Star Trek Vi: The Undiscovered Country,1991,1990,Action,110,27000000.0,7.2,23751,2,6,0.25,0,516,0.0,0,0,0.0,0,0.0,2,0
Star Trek: Nemesis,2002,2000,Action,116,60000000.0,6.4,28682,2,6,0.25,42,573,0.073,0,0,0.0,0,0.0,1,0
Starman,1984,1980,Adventure,115,22000000.0,6.9,14204,1,6,0.143,215,625,0.344,0,0,0.0,0,0.0,0,0
Strange Days,1995,1990,Action,145,42000000.0,7.1,27744,2,6,0.25,165,529,0.312,0,0,0.0,1,0.0,3,1
Swingers,1996,1990,Comedy,96,200000.0,7.6,32427,5,5,0.5,42,817,0.051,5,3,0.033,0,0.0,2,0
The Godfather,1972,1970,Crime,175,6000000.0,9.2,419312,2,16,0.111,55,536,0.103,0,0,0.0,0,0.0,2,0
The Talented Mr. Ripley,1999,1990,Crime,140,40000000.0,7.2,64055,2,6,0.25,143,691,0.207,1,6,0.091,0,0.0,3,1
Taxi Driver,1976,1970,Drama,114,1900000.0,8.6,159525,3,8,0.273,145,505,0.287,0,0,0.0,0,0.0,1,0
The Rock,1996,1990,Action,137,75000000.0,7.3,109533,1,2,0.333,0,75,0.0,0,0,0.0,0,0.0,1,0
The Majestic,2001,2000,Drama,153,72000000.0,6.8,25057,2,6,0.25,74,553,0.134,0,0,0.0,0,0.0,1,0
The Birds,1963,1960,Horror,119,2500000.0,7.9,53233,8,2,0.8,497,865,0.575,62,40,0.023,0,0.0,3,1
The Day The Earth Stood Still,2008,2000,Drama,104,80000000.0,5.5,52489,1,4,0.2,77,384,0.201,0,0,0.0,0,0.0,3,1
The Lost Boys,1987,1980,Comedy,97,8500000.0,7.0,34826,2,8,0.2,110,452,0.243,0,0,0.0,0,0.0,1,0
The Thing,1982,1980,Horror,109,15000000.0,8.2,80904,0,11,0.0,0,351,0.0,0,0,0.0,0,0.0,0,0
The Jacket,2005,2000,Drama,103,29000000.0,7.1,36581,4,7,0.364,159,475,0.335,5,6,0.047,0,1.0,2,0
Thirteen Days,2000,2000,Drama,145,80000000.0,7.3,23732,1,3,0.25,0,288,0.0,0,0,0.0,0,0.0,1,0
Top Gun,1986,1980,Action,110,15000000.0,6.5,81087,1,10,0.091,123,633,0.194,0,0,0.0,0,0.0,2,0
Total Recall,1990,1990,Action,113,65000000.0,7.4,71383,3,11,0.214,87,469,0.186,0,0,0.0,0,0.0,1,0
Tremors,1990,1990,Action,96,11000000.0,7.1,30553,3,6,0.333,36,364,0.099,0,0,0.0,0,0.0,3,1
Twin Peaks: Fire Walk With Me,1992,1990,Drama,135,10000000.0,7.0,21274,7,13,0.35,188,595,0.316,32,18,0.013,0,0.0,3,1
The Verdict,1982,1980,Drama,129,16000000.0,7.7,10991,3,10,0.231,90,711,0.127,0,0,0.0,0,0.0,1,0
The War Of The Worlds,1953,1950,Action,85,2000000.0,7.1,12239,1,10,0.091,46,187,0.246,0,0,0.0,0,0.0,1,0
New Nightmare,1994,1990,Fantasy,112,8000000.0,6.3,14975,4,6,0.4,145,290,0.5,17,8,0.053,0,0.0,3,1
Wild At Heart,1990,1990,Crime,125,9500000.0,7.2,29388,3,8,0.273,335,820,0.409,5,15,0.044,0,0.0,2,0
Wonder Boys,2000,2000,Comedy,107,35000000.0,7.5,31853,2,5,0.286,103,850,0.121,0,0,0.0,0,0.0,1,0
The Abyss,1989,1980,Action,140,43000000.0,7.6,51699,1,2,0.333,113,338,0.334,0,0,0.0,0,0.0,3,1
Agnes Of God,1985,1980,Drama,98,,6.5,3490,5,1,0.833,809,854,0.947,86,44,0.006,0,0.0,3,1
Alien,1979,1970,Adventure,117,11000000.0,8.5,184471,0,2,0.0,0,637,0.0,0,0,0.0,0,0.0,3,1
All About Eve,1950,1950,Drama,139,1400000.0,8.5,35597,6,5,0.545,773,1187,0.651,93,17,0.013,0,0.0,3,1
American Pie,1999,1990,Comedy,95,11000000.0,6.9,107961,8,5,0.615,136,635,0.214,3,9,0.028,0,0.0,2,0
An American Werewolf In Paris,1997,1990,Comedy,98,22000000.0,4.9,10158,3,4,0.429,71,375,0.189,0,0,0.0,0,0.0,1,0
Anastasia,1997,1990,Adventure,94,53000000.0,6.6,16844,3,4,0.429,66,259,0.255,0,0,0.0,0,0.5,3,1
Annie Hall,1977,1970,Comedy,93,4000000.0,8.3,66781,8,8,0.5,402,1051,0.382,3,8,0.035,0,0.0,3,1
Antz,1998,1990,Adventure,83,60000000.0,6.8,37825,3,3,0.5,77,320,0.241,4,4,0.005,0,0.0,3,1
The Apartment,1960,1960,Comedy,126,3000000.0,8.4,37301,6,5,0.545,270,971,0.278,2,8,0.016,0,0.0,3,1
Apocalypse Now,1979,1970,Drama,147,31500000.0,8.6,176465,1,13,0.071,0,594,0.0,0,0,0.0,0,0.0,0,0
Arctic Blue,1993,1990,Action,92,6000000.0,4.8,464,1,6,0.143,45,423,0.106,0,0,0.0,0,0.0,1,0
As Good As It Gets,1997,1990,Comedy,139,50000000.0,7.8,93201,5,5,0.5,187,572,0.327,13,16,0.026,0,0.0,3,1
Assassins,1995,1990,Action,132,50000000.0,6.0,23681,1,3,0.25,186,597,0.312,0,0,0.0,0,0.667,1,0
A Walk To Remember,2002,2000,Drama,102,11800000.0,7.1,38751,3,3,0.5,189,516,0.366,0,0,0.0,0,1.0,3,1
Back To The Future,1985,1980,Adventure,116,19000000.0,8.4,207376,0,5,0.0,0,324,0.0,0,0,0.0,0,0.0,2,0
Badlands,1973,1970,Crime,94,300000.0,7.9,16753,2,7,0.222,82,310,0.265,2,7,0.088,0,0.0,0,0
The Adventures Of Buckaroo Banzai Across The 8Th Dimension,1984,1980,Adventure,103,17000000.0,6.0,10046,1,13,0.071,40,254,0.157,0,0,0.0,0,0.0,3,1
Barton Fink,1991,1990,Drama,117,9000000.0,7.8,33119,1,8,0.111,37,510,0.073,0,0,0.0,0,0.0,1,0
Basic Instinct,1992,1990,Mystery,128,49000000.0,6.9,57615,2,4,0.333,181,572,0.316,0,0,0.0,0,0.0,1,0
Basquiat,1996,1990,Biography,107,3300000.0,6.7,8016,5,9,0.357,43,414,0.104,4,4,0.028,0,0.0,2,0
Batman Returns,1992,1990,Action,126,80000000.0,6.9,79770,2,7,0.222,46,258,0.178,0,0,0.0,0,0.0,0,0
Batman Forever,1995,1990,Action,121,100000000.0,5.4,77223,1,5,0.167,65,338,0.192,0,0,0.0,0,0.0,1,0
Batman,1989,1980,Action,126,35000000.0,7.6,112731,1,10,0.091,97,318,0.305,0,0,0.0,0,0.0,1,0
Beavis And Butt-Head Do America,1996,1990,Adventure,81,12000000.0,6.6,23149,1,5,0.167,0,292,0.0,0,0,0.0,0,0.0,1,0
Beetle Juice,1988,1980,Comedy,92,15000000.0,7.3,62164,6,5,0.545,248,524,0.473,31,9,0.021,0,0.0,3,1
Being There,1979,1970,Comedy,130,,8.0,25085,5,10,0.333,180,747,0.241,4,10,0.003,0,0.0,2,0
Being John Malkovich,1999,1990,Comedy,113,13000000.0,7.9,115008,6,4,0.6,212,633,0.335,10,4,0.05,0,0.0,3,1
Beloved,1998,1990,Drama,172,80000000.0,5.6,4014,7,2,0.778,122,303,0.403,27,13,0.005,0,0.333,3,1
The Big Lebowski,1998,1990,Comedy,117,15000000.0,8.2,182170,1,10,0.091,55,810,0.068,0,0,0.0,0,0.0,1,0
The Black Dahlia,2006,2000,Crime,121,50000000.0,5.6,35706,0,2,0.0,0,11,0.0,0,0,0.0,0,0.0,1,0
Blade Ii,2002,2000,Action,117,54000000.0,6.6,51826,1,7,0.125,42,209,0.201,0,0,0.0,0,0.0,1,0
Blade,1998,1990,Action,121,45000000.0,7.0,65885,2,5,0.286,88,275,0.32,0,0,0.0,0,0.0,1,0
Blood Simple.,1984,1980,Crime,97,1500000.0,7.8,28901,1,5,0.167,58,292,0.199,0,0,0.0,0,0.0,1,0
Blow,2001,2000,Biography,124,53000000.0,7.4,71334,4,13,0.235,91,691,0.132,0,0,0.0,0,0.0,1,0
La Battaglia Di Algeri,1966,1960,Drama,122,800000.0,8.2,14339,0,2,0.0,0,132,0.0,0,0,0.0,0,0.0,1,0
Body Of Evidence,1993,1990,Drama,101,30000000.0,4.1,6052,4,8,0.333,181,736,0.246,0,0,0.0,0,0.0,3,1
The Bridges Of Madison County,1995,1990,Drama,135,24000000.0,7.2,22252,4,3,0.571,257,536,0.479,9,6,0.006,0,0.0,3,1
Bound,1996,1990,Crime,105,4500000.0,7.5,23772,2,5,0.286,360,579,0.622,65,23,0.047,1,1.0,3,1
The Bourne Identity,2002,2000,Action,119,60000000.0,7.7,124918,1,11,0.083,98,411,0.238,0,0,0.0,0,0.0,1,0
Brazil,1985,1980,Drama,143,15000000.0,8.0,77350,1,7,0.125,74,625,0.118,0,0,0.0,0,0.0,3,1
Broadcast News,1987,1980,Comedy,133,20000000.0,7.1,10559,4,5,0.444,224,723,0.31,11,6,0.06,0,0.0,3,1
A Bucket Of Blood,1959,1950,Comedy,66,50000.0,6.8,1892,3,5,0.375,95,464,0.205,0,0,0.0,0,0.0,2,0
Buffy The Vampire Slayer,1992,1990,Action,85,7000000.0,5.3,16206,6,10,0.375,318,655,0.485,67,7,0.035,1,0.0,3,1
Casino,1995,1990,Biography,179,50000000.0,8.1,111223,5,27,0.156,271,1530,0.177,3,3,0.012,0,0.0,2,0
Catwoman,2004,2000,Action,104,100000000.0,3.2,35065,2,2,0.5,103,352,0.293,7,8,0.004,0,0.5,3,1
Cellular,2004,2000,Action,94,25000000.0,6.5,32920,1,3,0.25,204,713,0.286,0,0,0.0,0,0.0,3,1
The Crying Game,1992,1990,Drama,112,3705538.0,7.3,21394,1,9,0.1,62,911,0.068,0,0,0.0,0,0.0,2,0
Charade,1963,1960,Comedy,113,4000000.0,8.0,22815,1,9,0.1,23,869,0.026,0,0,0.0,0,0.0,2,0
Cherry Falls,2000,2000,Horror,92,,4.8,5669,8,7,0.533,215,468,0.459,22,16,0.037,0,0.0,3,1
Chinatown,1974,1970,Crime,130,6000000.0,8.5,80698,2,8,0.2,151,863,0.175,0,0,0.0,0,0.0,2,0
Citizen Kane,1941,1940,Drama,119,839727.0,8.6,140517,3,8,0.273,330,674,0.49,37,16,0.005,0,0.0,1,0
Clerks.,1994,1990,Comedy,92,27575.0,8.0,90972,2,6,0.25,193,1286,0.15,0,0,0.0,0,0.0,1,0
Cliffhanger,1993,1990,Action,113,70000000.0,6.2,34880,2,10,0.167,109,469,0.232,0,0,0.0,0,0.0,1,0
A Clockwork Orange,1971,1970,Crime,137,2200000.0,8.5,197372,2,11,0.154,15,444,0.034,0,0,0.0,0,0.0,1,0
Collateral,2004,2000,Crime,120,65000000.0,7.8,106866,2,4,0.333,35,578,0.061,0,0,0.0,0,0.0,1,0
Conspiracy Theory,1997,1990,Action,135,75000000.0,6.5,36045,1,7,0.125,218,516,0.422,0,0,0.0,0,0.0,2,0
Contact,1997,1990,Drama,150,90000000.0,7.4,75043,1,9,0.1,252,542,0.465,0,0,0.0,0,0.0,3,1
Cool Hand Luke,1967,1960,Crime,127,3200000.0,8.3,46514,1,10,0.091,17,313,0.054,0,0,0.0,0,0.0,1,0
Copycat,1995,1990,Crime,124,20000000.0,6.5,17335,3,6,0.333,331,558,0.593,41,11,0.034,0,0.5,3,1
Crash,2004,2000,Crime,112,6500000.0,8.0,174003,2,1,0.667,54,144,0.375,0,0,0.0,0,0.0,3,1
The Crow,1994,1990,Action,102,23000000.0,7.6,55886,2,9,0.182,0,249,0.0,0,0,0.0,0,0.0,3,1
Cruel Intentions,1999,1990,Drama,97,10500000.0,6.7,67532,7,4,0.636,391,808,0.484,27,15,0.017,0,0.0,3,1
Dark City,1998,1990,Mystery,101,27000000.0,7.8,64262,0,2,0.0,0,217,0.0,0,0,0.0,0,0.0,1,0
Dave,1993,1990,Comedy,110,28000000.0,6.8,20807,1,6,0.143,59,503,0.117,0,0,0.0,0,0.0,3,1
Day Of The Dead,1985,1980,Horror,101,3750000.0,7.0,22746,1,5,0.167,27,207,0.13,0,0,0.0,0,0.0,0,0
Dead Poets Society,1989,1980,Drama,129,16400000.0,7.8,90842,2,7,0.222,37,491,0.075,0,0,0.0,0,0.0,1,0
The Deer Hunter,1978,1970,Drama,183,15000000.0,8.2,89841,2,4,0.333,32,529,0.06,0,0,0.0,0,0.0,1,0
Demolition Man,1993,1990,Action,115,57000000.0,6.3,46318,0,1,0.0,0,303,0.0,0,0,0.0,0,0.0,0,0
Die Hard,1988,1980,Action,132,28000000.0,8.3,185430,1,8,0.111,0,264,0.0,0,0,0.0,0,0.0,3,1
Dog Day Afternoon,1975,1970,Crime,124,1800000.0,8.2,61120,3,9,0.25,15,623,0.024,0,0,0.0,0,0.0,3,1
Domino,2005,2000,Action,127,50000000.0,5.9,32949,8,4,0.667,68,242,0.281,26,11,0.02,0,0.0,3,1
Do The Right Thing,1989,1980,Drama,120,6500000.0,7.9,27164,3,11,0.214,72,516,0.14,5,9,0.022,0,0.0,2,0
Dune,1984,1980,Action,136,40000000.0,6.5,38954,1,7,0.125,23,208,0.111,0,0,0.0,0,0.0,3,1
Ed Wood,1994,1990,Biography,127,18000000.0,8.1,75704,4,15,0.211,88,772,0.114,0,0,0.0,0,0.0,3,1
Edtv,1999,1990,Comedy,123,80000000.0,6.1,21865,7,9,0.438,142,626,0.227,0,0,0.0,0,0.25,1,0
Election,1999,1990,Comedy,103,25000000.0,7.4,37868,5,6,0.455,94,378,0.249,3,9,0.0,0,0.0,3,1
L.A. Confidential,1997,1990,Crime,138,35000000.0,8.4,168009,2,8,0.2,60,657,0.091,0,0,0.0,0,0.0,1,0
Enemy Of The State,1998,1990,Action,132,90000000.0,7.2,67504,3,12,0.2,48,878,0.055,0,0,0.0,0,0.0,1,0
The English Patient,1996,1990,Drama,162,27000000.0,7.3,55247,4,8,0.333,230,678,0.339,5,6,0.003,0,0.0,3,1
Erin Brockovich,2000,2000,Biography,131,52000000.0,7.2,55641,10,4,0.714,374,733,0.51,46,9,0.007,0,1.0,3,1
Escape From The Planet Of The Apes,1971,1970,Sci-Fi,98,2500000.0,6.1,7754,0,2,0.0,0,50,0.0,0,0,0.0,0,0.0,1,0
Escape From L.A.,1996,1990,Action,101,50000000.0,5.3,23551,3,7,0.3,0,249,0.0,0,0,0.0,0,0.333,1,0
Excalibur,1981,1980,Adventure,141,11000000.0,7.4,24550,2,7,0.222,0,266,0.0,0,0,0.0,0,0.0,1,0
The Exorcist,1973,1970,Horror,122,11000000.0,8.1,106383,4,10,0.286,252,611,0.412,29,22,0.019,0,0.0,3,1
Face/Off,1997,1990,Action,139,80000000.0,7.3,103386,5,7,0.417,63,347,0.182,0,0,0.0,0,0.0,1,0
The Fantastic Four,1994,1990,Action,90,1500000.0,3.8,1472,1,4,0.2,92,450,0.204,0,0,0.0,0,0.0,1,0
Fantastic Voyage,1966,1960,Adventure,101,5115000.0,6.8,5231,1,5,0.167,43,402,0.107,0,0,0.0,0,0.0,0,0
Fargo,1996,1990,Crime,98,7000000.0,8.3,168176,4,11,0.267,169,708,0.239,5,12,0.034,0,0.0,2,0
Fight Club,1999,1990,Crime,139,63000000.0,8.8,391697,1,7,0.125,97,779,0.125,0,0,0.0,0,0.0,1,0
Final Destination 2,2003,2000,Horror,90,26000000.0,6.4,36312,6,8,0.429,122,255,0.478,24,6,0.007,0,0.0,3,1
Final Destination,2000,2000,Horror,98,23000000.0,6.8,53422,1,5,0.167,40,139,0.288,0,0,0.0,0,0.0,1,0
Rambo: First Blood Part Ii,1985,1980,Action,96,44000000.0,5.8,39147,1,3,0.25,25,281,0.089,0,0,0.0,0,0.0,0,0
The Fisher King,1991,1990,Comedy,138,24000000.0,7.5,28310,4,4,0.5,145,488,0.297,13,9,0.007,0,0.0,3,1
Five Easy Pieces,1970,1970,Drama,98,1600000.0,7.5,11969,8,3,0.727,198,508,0.39,12,8,0.004,0,1.0,3,1
Fletch,1985,1980,Comedy,98,8000000.0,6.7,17336,5,8,0.385,120,719,0.167,0,0,0.0,0,0.0,1,0
The French Connection,1971,1970,Action,104,1800000.0,7.9,34062,1,7,0.125,0,283,0.0,0,0,0.0,0,0.0,1,0
Friday The 13Th Part Iii,1982,1980,Horror,95,2300000.0,5.1,11718,4,4,0.5,80,194,0.412,5,4,0.0,0,0.5,3,1
Friday The 13Th Part Viii: Jason Takes Manhattan,1989,1980,Horror,100,5000000.0,3.9,10288,4,4,0.5,116,228,0.509,19,6,0.02,0,0.0,3,1
Gattaca,1997,1990,Drama,107,36000000.0,7.8,72063,1,8,0.111,38,379,0.1,0,0,0.0,0,0.0,1,0
Glengarry Glen Ross,1992,1990,Drama,100,12500000.0,7.9,32882,0,6,0.0,0,929,0.0,0,0,0.0,0,0.0,0,0
The Godfather: Part Ii,1974,1970,Crime,202,13000000.0,9.0,251290,3,17,0.15,37,670,0.055,0,0,0.0,0,0.0,2,0
Gone In Sixty Seconds,2000,2000,Action,118,90000000.0,6.0,74474,2,12,0.143,57,651,0.088,0,0,0.0,0,0.0,1,0
Goodfellas,1990,1990,Crime,145,25000000.0,8.8,234582,5,5,0.5,55,293,0.188,3,7,0.08,0,0.0,3,1
Good Will Hunting,1997,1990,Drama,127,10000000.0,8.1,154419,1,13,0.071,112,879,0.127,0,0,0.0,0,0.0,0,0
The Grapes Of Wrath,1940,1940,Drama,129,800000.0,8.3,23850,3,18,0.143,86,602,0.143,7,10,0.019,0,0.0,3,1
Grosse Pointe Blank,1997,1990,Comedy,107,15000000.0,7.4,41877,4,9,0.308,97,435,0.223,0,0,0.0,0,0.0,3,1
Hackers,1995,1990,Action,105,20000000.0,5.8,27009,2,6,0.25,88,420,0.21,0,0,0.0,0,0.0,2,0
Halloween,1978,1970,Horror,91,325000.0,7.9,64690,6,5,0.545,172,319,0.539,36,12,0.028,0,0.5,3,1
Hannah And Her Sisters,1986,1980,Comedy,107,6400000.0,7.9,21088,7,9,0.438,633,1080,0.586,92,16,0.028,0,0.0,3,1
Hannibal,2001,2000,Crime,131,87000000.0,6.4,75788,2,6,0.25,213,667,0.319,0,0,0.0,0,0.0,3,1
Heathers,1989,1980,Comedy,103,3000000.0,7.3,25236,6,4,0.6,184,425,0.433,55,7,0.01,0,0.0,3,1
Heavenly Creatures,1994,1990,Crime,109,5000000.0,7.6,27211,3,1,0.75,186,207,0.899,52,15,0.045,0,0.5,3,1
Hero,1992,1990,Comedy,117,42000000.0,6.3,10573,4,9,0.308,95,389,0.244,2,6,0.094,0,0.0,1,0
Hellraiser Iii: Hell On Earth,1992,1990,Horror,93,5000000.0,5.1,7716,3,2,0.6,158,243,0.65,28,11,0.028,0,0.0,3,1
Hudson Hawk,1991,1990,Action,100,65000000.0,5.4,22116,3,8,0.273,62,390,0.159,0,0,0.0,0,0.0,3,1
The Hudsucker Proxy,1994,1990,Comedy,111,25000000.0,7.4,32691,2,10,0.167,100,424,0.236,0,0,0.0,0,0.0,1,0
I Walked With A Zombie,1943,1940,Horror,69,,7.3,3420,3,4,0.429,161,297,0.542,15,13,0.027,0,0.5,3,1
Insomnia,2002,2000,Crime,118,46000000.0,7.3,69635,3,7,0.3,44,284,0.155,0,0,0.0,0,1.0,1,0
I Still Know What You Did Last Summer,1998,1990,Horror,100,24000000.0,4.1,23543,3,5,0.375,195,363,0.537,39,7,0.043,0,0.0,3,1
Isle Of The Dead,1945,1940,Drama,72,246000.0,6.6,1405,2,4,0.333,80,285,0.281,10,4,0.075,0,1.0,3,1
Jaws 2,1978,1970,Thriller,117,20000000.0,5.6,18995,6,11,0.353,72,652,0.11,6,3,0.011,0,0.0,2,0
Jaws 3-D,1983,1980,Thriller,98,20500000.0,3.3,12839,2,5,0.286,200,547,0.366,0,0,0.0,0,0.0,3,1
Jaws: The Revenge,1987,1980,Thriller,89,23000000.0,2.6,15727,4,5,0.444,183,630,0.29,33,9,0.02,0,0.0,3,1
The Jazz Singer,1927,1920,Drama,96,422000.0,6.8,3252,0,0,0.0,0,13,0.0,0,0,0.0,0,0.0,1,0
Jerry Maguire,1996,1990,Comedy,139,50000000.0,7.3,79706,5,7,0.417,157,573,0.274,13,5,0.061,0,0.0,2,0
Jurassic Park Iii,2001,2000,Action,92,93000000.0,5.7,62564,2,4,0.333,61,286,0.213,0,0,0.0,0,0.0,2,0
The Lost World: Jurassic Park,1997,1990,Action,129,73000000.0,6.0,78169,2,6,0.25,62,307,0.202,0,0,0.0,0,0.0,3,1
Jurassic Park,1993,1990,Action,127,63000000.0,7.9,153737,2,11,0.154,145,539,0.269,0,0,0.0,0,0.0,3,1
Freddy Vs. Jason,2003,2000,Horror,97,30000000.0,5.8,39850,0,0,0.0,0,224,0.0,0,0,0.0,0,0.0,3,1
King Kong,2005,2000,Adventure,188,207000000.0,7.6,134187,1,1,0.5,38,143,0.266,0,0,0.0,0,0.667,0,0
Klute,1971,1970,Mystery,114,2500000.0,7.2,6901,3,5,0.375,161,462,0.348,4,5,0.046,0,0.0,3,1
Kramer Vs. Kramer,1979,1970,Drama,105,8000000.0,7.7,25836,4,7,0.364,120,591,0.203,0,0,0.0,0,0.0,1,0
The Silence Of The Lambs,1991,1990,Crime,119,19000000.0,8.7,251237,4,8,0.333,205,449,0.457,14,9,0.038,0,0.0,3,1
Leviathan,1989,1980,Adventure,98,25000000.0,5.3,4751,1,2,0.333,51,333,0.153,0,0,0.0,0,0.0,3,1
"Lock, Stock And Two Smoking Barrels",1998,1990,Crime,105,1350000.0,8.2,129117,0,20,0.0,0,412,0.0,0,0,0.0,0,0.0,1,0
Lone Star,1996,1990,Drama,135,5000000.0,7.6,14666,12,23,0.343,189,884,0.214,14,13,0.03,0,0.0,2,0
Lost In Translation,2003,2000,Drama,102,4000000.0,7.9,132645,3,2,0.6,138,328,0.421,0,0,0.0,1,1.0,3,1
Magnolia,1999,1990,Drama,189,37000000.0,8.0,123476,12,20,0.375,272,1114,0.244,0,0,0.0,0,0.0,1,0
The Man In The Iron Mask,1998,1990,Action,132,35000000.0,6.1,36684,0,6,0.0,0,469,0.0,0,0,0.0,0,0.0,1,0
Manhunter,1986,1980,Crime,120,15000000.0,7.2,21649,3,8,0.273,82,674,0.122,0,0,0.0,0,0.0,1,0
Man On The Moon,1999,1990,Biography,118,82000000.0,7.4,49915,5,5,0.5,26,355,0.073,0,0,0.0,0,0.0,1,0
The Matrix,1999,1990,Action,136,63000000.0,8.7,389480,3,9,0.25,109,490,0.222,0,0,0.0,1,1.0,3,1
Meet Joe Black,1998,1990,Drama,178,90000000.0,6.9,56839,3,5,0.375,227,1094,0.207,7,3,0.054,0,0.0,1,0
Memento,2000,2000,Crime,113,9000000.0,8.7,281027,4,6,0.4,83,474,0.175,0,0,0.0,0,0.0,1,0
Midnight Cowboy,1969,1960,Drama,113,3600000.0,8.0,34405,3,3,0.5,0,251,0.0,0,0,0.0,0,0.0,1,0
Midnight Express,1978,1970,Biography,121,2300000.0,7.6,24103,1,5,0.167,0,263,0.0,0,0,0.0,0,0.0,0,0
Misery,1990,1990,Thriller,107,20000000.0,7.8,41563,3,4,0.429,195,396,0.492,0,0,0.0,0,0.0,1,0
Mission: Impossible Ii,2000,2000,Action,123,125000000.0,5.7,86452,1,7,0.125,104,456,0.228,0,0,0.0,0,0.0,0,0
Mission: Impossible,1996,1990,Action,111,80000000.0,6.9,87677,3,7,0.3,82,439,0.187,0,0,0.0,0,0.0,1,0
Moonstruck,1987,1980,Comedy,102,15000000.0,7.1,15879,5,9,0.357,317,671,0.472,15,9,0.066,0,0.0,3,1
Monty Python And The Holy Grail,1975,1970,Adventure,91,400000.0,8.4,157683,2,8,0.2,0,505,0.0,0,0,0.0,0,0.0,2,0
Mulholland Dr.,2001,2000,Drama,147,15000000.0,8.0,105859,5,13,0.278,182,349,0.521,36,7,0.007,0,0.0,3,1
My Girl,1991,1990,Comedy,103,17000000.0,6.4,17967,3,6,0.333,353,650,0.543,29,8,0.014,0,0.0,3,1
Nashville,1975,1970,Drama,160,2200000.0,7.7,9315,7,10,0.412,69,530,0.13,1,18,0.036,0,1.0,3,1
Natural Born Killers,1994,1990,Action,119,34000000.0,7.1,73047,2,4,0.333,0,412,0.0,0,0,0.0,0,0.0,3,1
The Negotiator,1998,1990,Action,140,50000000.0,7.2,46983,0,2,0.0,0,29,0.0,0,0,0.0,0,0.0,1,0
Never Been Kissed,1999,1990,Comedy,107,25000000.0,5.7,27409,6,6,0.5,267,465,0.574,43,7,0.025,0,0.667,3,1
The Nightmare Before Christmas,1993,1990,Animation,76,18000000.0,8.0,81753,1,2,0.333,20,79,0.253,0,0,0.0,0,1.0,1,0
A Nightmare On Elm Street 3: Dream Warriors,1987,1980,Fantasy,96,4450000.0,6.3,17734,6,6,0.5,131,339,0.386,24,14,0.049,0,0.0,3,1
Notting Hill,1999,1990,Comedy,124,42000000.0,6.9,67217,3,8,0.273,171,658,0.26,4,3,0.012,0,0.0,3,1
On The Waterfront,1954,1950,Crime,108,910000.0,8.4,42010,2,8,0.2,126,622,0.203,0,0,0.0,0,0.0,0,0
Out Of Sight,1998,1990,Comedy,123,48000000.0,7.2,38595,3,12,0.2,286,992,0.288,16,12,0.1,0,0.0,2,0
Pearl Harbor,2001,2000,Action,183,140000000.0,5.4,97519,3,11,0.214,42,332,0.127,4,3,0.033,0,0.0,2,0
Peggy Sue Got Married,1986,1980,Comedy,103,18000000.0,6.3,12574,8,6,0.571,396,718,0.552,67,9,0.031,0,0.5,3,1
Philadelphia,1993,1990,Drama,126,26000000.0,7.6,54221,4,7,0.364,33,546,0.06,2,5,0.039,0,0.0,2,0
Pitch Black,2000,2000,Action,108,23000000.0,7.0,55982,2,3,0.4,150,442,0.339,0,0,0.0,0,0.0,3,1
Planet Of The Apes,2001,2000,Action,120,100000000.0,5.5,73596,0,3,0.0,0,416,0.0,0,0,0.0,0,0.0,3,1
Platoon,1986,1980,Action,120,6000000.0,8.2,110867,0,8,0.0,0,228,0.0,0,0,0.0,0,0.0,0,0
Point Break,1991,1990,Action,122,24000000.0,6.9,37722,1,3,0.25,29,295,0.098,0,0,0.0,1,0.0,0,0
Predator,1987,1980,Action,107,15000000.0,7.8,90730,0,3,0.0,0,105,0.0,0,0,0.0,0,0.0,0,0
Pretty Woman,1990,1990,Comedy,120,14000000.0,6.7,61642,4,5,0.444,280,634,0.442,23,12,0.016,0,0.0,3,1
The Princess Bride,1987,1980,Adventure,99,16000000.0,8.1,125281,3,8,0.273,50,500,0.1,0,0,0.0,0,0.0,2,0
The Producers,1968,1960,Comedy,89,947000.0,7.7,19432,1,3,0.25,0,383,0.0,0,0,0.0,0,0.0,0,0
Psycho,1960,1960,Drama,109,806947.0,8.7,146915,4,3,0.571,188,578,0.325,3,4,0.02,0,0.0,1,0
Maniac,1980,1980,Drama,88,350000.0,6.2,3382,0,0,0.0,0,116,0.0,0,0,0.0,0,0.0,3,1
Vampyr,1932,1930,Fantasy,74,,7.6,4005,3,0,1.0,0,32,0.0,1,7,0.065,0,0.0,3,1
Star Wars: Episode Vi - Return Of The Jedi,1983,1980,Action,132,32350000.0,8.3,215058,0,6,0.0,0,261,0.0,0,0,0.0,0,0.0,1,0
The Rocky Horror Picture Show,1975,1970,Comedy,100,1400000.0,7.1,42713,2,4,0.333,50,189,0.265,0,0,0.0,0,0.0,3,1
Rocky,1976,1970,Drama,120,1000000.0,8.1,100022,3,10,0.231,96,662,0.145,0,0,0.0,0,0.0,1,0
Who Framed Roger Rabbit,1988,1980,Action,104,50600000.0,7.6,54375,3,6,0.333,53,357,0.148,0,0,0.0,0,0.0,1,0
Romeo And Juliet,1968,1960,Drama,138,,7.8,12360,3,6,0.333,84,306,0.275,6,16,0.026,0,0.0,3,1
Ronin,1998,1990,Action,122,55000000.0,7.2,58201,1,8,0.111,69,554,0.125,0,0,0.0,0,0.0,1,0
Rush Hour 2,2001,2000,Action,90,90000000.0,6.5,52716,1,5,0.167,32,527,0.061,0,0,0.0,0,0.0,0,0
Rush Hour,1998,1990,Action,97,33000000.0,6.8,56376,1,3,0.25,23,325,0.071,0,0,0.0,0,0.0,3,1
Sleepless In Seattle,1993,1990,Comedy,105,21000000.0,6.6,44179,7,6,0.538,234,635,0.369,26,12,0.029,1,0.333,2,0
Salt Of The Earth,1954,1950,Drama,94,,7.6,1085,1,4,0.2,74,267,0.277,0,0,0.0,0,0.0,3,1
Saving Private Ryan,1998,1990,Action,169,70000000.0,8.5,275666,0,6,0.0,0,483,0.0,0,0,0.0,0,0.0,0,0
Say Anything...,1989,1980,Comedy,100,16000000.0,7.5,25220,4,11,0.267,231,676,0.342,3,3,0.051,0,0.0,2,0
Scream 2,1997,1990,Horror,120,24000000.0,5.9,48988,8,8,0.5,191,479,0.399,28,10,0.016,0,0.0,3,1
Scream 3,2000,2000,Horror,116,40000000.0,5.3,38870,7,5,0.583,182,441,0.413,22,9,0.024,0,0.0,3,1
Scream,1996,1990,Crime,112,14000000.0,7.2,92543,6,8,0.429,329,714,0.461,38,11,0.032,0,0.0,3,1
The Searchers,1956,1950,Adventure,119,3750000.0,8.1,30138,4,7,0.364,22,372,0.059,0,0,0.0,0,0.0,3,1
Shakespeare In Love,1998,1990,Comedy,124,25000000.0,7.4,78654,5,11,0.312,92,577,0.159,8,8,0.045,0,0.0,3,1
The Shining,1980,1980,Horror,144,19000000.0,8.5,182077,2,6,0.25,113,482,0.234,8,3,0.073,0,0.5,2,0
Sister Act,1992,1990,Comedy,100,31000000.0,5.9,25196,5,6,0.455,266,756,0.352,34,3,0.02,0,0.0,3,1
Sleepy Hollow,1999,1990,Fantasy,105,100000000.0,7.5,108951,2,9,0.182,71,450,0.158,4,3,0.103,0,0.0,3,1
Some Like It Hot,1959,1950,Comedy,123,2900000.0,8.4,68749,3,7,0.3,244,1064,0.229,0,0,0.0,0,0.0,3,1
The Wedding Date,2005,2000,Comedy,88,15000000.0,5.5,12340,4,4,0.5,139,363,0.383,26,9,0.028,1,1.0,3,1
Sphere,1998,1990,Drama,134,80000000.0,5.6,31924,1,4,0.2,232,1040,0.223,0,0,0.0,0,0.0,1,0
Star Wars,1977,1970,Action,121,11000000.0,8.8,326619,0,4,0.0,0,291,0.0,0,0,0.0,0,0.0,1,0
Starship Troopers,1997,1990,Action,129,105000000.0,7.1,84874,2,5,0.286,129,522,0.247,0,0,0.0,0,0.0,3,1
Star Trek: The Motion Picture,1979,1970,Adventure,131,44000000.0,6.2,25723,0,3,0.0,0,327,0.0,0,0,0.0,0,0.0,1,0
Stepmom,1998,1990,Comedy,125,50000000.0,6.2,18714,4,4,0.5,625,801,0.78,154,12,0.019,0,0.6,3,1
Dr. Strangelove Or: How I Learned To Stop Worrying And Love The Bomb,1964,1960,Comedy,95,1800000.0,8.6,158529,0,15,0.0,0,596,0.0,0,0,0.0,0,0.0,0,0
Sunset Blvd.,1950,1950,Drama,110,1752000.0,8.7,55994,2,5,0.286,252,658,0.383,0,0,0.0,0,0.0,1,0
Supergirl,1984,1980,Action,124,35000000.0,4.1,6576,6,5,0.545,273,472,0.578,42,7,0.012,0,0.0,3,1
Superman Iii,1983,1980,Action,125,39000000.0,4.7,18340,5,7,0.417,91,483,0.188,10,4,0.034,0,0.5,3,1
Superman Ii,1980,1980,Action,127,54000000.0,6.7,29941,4,7,0.364,66,318,0.208,0,0,0.0,0,0.333,3,1
Superman Iv: The Quest For Peace,1987,1980,Action,90,17000000.0,3.4,15332,2,4,0.333,53,241,0.22,10,5,0.086,0,0.0,3,1
Superman,1978,1970,Action,144,55000000.0,7.3,51172,3,7,0.3,132,453,0.291,0,0,0.0,0,0.2,1,0
Sweet Smell Of Success,1957,1950,Drama,97,3400000.0,8.2,9014,4,3,0.571,94,483,0.195,0,0,0.0,0,0.0,1,0
The Terminator,1984,1980,Action,108,6400000.0,8.1,183538,2,5,0.286,87,235,0.37,6,5,0.03,0,0.5,3,1
The Game,1997,1990,Drama,129,50000000.0,7.7,75861,4,3,0.571,153,607,0.252,0,0,0.0,0,0.0,1,0
The Haunting,1999,1990,Horror,113,80000000.0,4.6,32086,4,4,0.5,166,315,0.527,35,8,0.028,0,0.0,3,1
The Truman Show,1998,1990,Drama,103,60000000.0,8.0,160825,5,5,0.5,50,345,0.145,2,4,0.084,0,0.0,1,0
The X Files,1998,1990,Crime,121,66000000.0,6.8,39090,4,7,0.364,109,462,0.236,5,6,0.017,0,0.0,3,1
The Cell,2000,2000,Drama,107,33000000.0,6.2,37417,2,5,0.286,137,259,0.529,19,9,0.027,0,0.0,2,0
The Third Man,1949,1940,Mystery,105,,8.5,51872,1,6,0.143,106,603,0.176,0,0,0.0,0,0.0,0,0
The Beach,2000,2000,Adventure,119,40000000.0,6.3,55734,0,3,0.0,0,122,0.0,0,0,0.0,0,0.0,1,0
The Messenger,2009,2000,Drama,113,6500000.0,7.4,9224,1,6,0.143,284,717,0.396,0,0,0.0,0,0.0,1,0
The Pianist,2002,2000,Biography,150,35000000.0,8.5,138080,4,7,0.364,0,274,0.0,0,0,0.0,0,0.0,1,0
The Piano,1993,1990,Drama,120,7000000.0,7.5,28525,4,2,0.667,0,149,0.0,11,4,0.046,1,1.0,3,1
The Sting,1973,1970,Comedy,129,5500000.0,8.4,67231,2,10,0.167,15,511,0.029,0,0,0.0,0,0.0,1,0
Thx 1138,1971,1970,Drama,86,777000.0,6.8,15741,1,5,0.167,39,238,0.164,0,0,0.0,0,0.0,0,0
Titanic,1997,1990,Drama,194,200000000.0,7.4,244771,4,4,0.5,127,397,0.32,6,3,0.02,0,0.0,3,1
Tombstone,1993,1990,Action,130,25000000.0,7.7,44204,3,8,0.273,59,522,0.113,0,0,0.0,0,0.0,3,1
Toy Story,1995,1990,Adventure,81,30000000.0,8.2,156231,2,8,0.2,22,401,0.055,0,0,0.0,0,0.0,1,0
Traffic,2000,2000,Crime,147,48000000.0,7.8,86662,5,11,0.312,84,486,0.173,7,10,0.042,0,0.0,3,1
Trainspotting,1996,1990,Crime,94,4000000.0,8.2,153782,4,8,0.333,34,370,0.092,1,6,0.066,0,0.0,2,0
Star Trek V: The Final Frontier,1989,1980,Action,106,33000000.0,5.0,20749,1,4,0.2,0,346,0.0,0,0,0.0,0,0.0,1,0
Tron,1982,1980,Action,96,17000000.0,6.7,25903,1,5,0.167,0,319,0.0,0,0,0.0,0,0.0,0,0
True Lies,1994,1990,Action,141,115000000.0,7.2,81801,5,4,0.556,124,490,0.253,13,5,0.074,0,0.0,3,1
True Romance,1993,1990,Crime,119,12500000.0,7.9,74762,3,15,0.167,123,712,0.173,0,0,0.0,0,0.0,1,0
Twelve Monkeys,1995,1990,Mystery,129,29000000.0,8.1,173320,3,8,0.273,104,353,0.295,1,6,0.0,0,0.5,1,0
Unbreakable,2000,2000,Drama,106,75000000.0,7.3,98767,3,3,0.5,42,276,0.152,0,0,0.0,0,0.0,0,0
Unforgiven,1992,1990,Drama,130,14400000.0,8.3,101270,3,11,0.214,58,568,0.102,0,0,0.0,0,0.0,3,1
The Usual Suspects,1995,1990,Crime,106,6000000.0,8.7,272137,1,7,0.125,0,387,0.0,0,0,0.0,0,0.0,1,0
Vertigo,1958,1950,Crime,128,2479000.0,8.6,93524,4,2,0.667,314,676,0.464,0,0,0.0,0,0.0,1,0
What Lies Beneath,2000,2000,Drama,130,100000000.0,6.5,46195,7,2,0.778,426,659,0.646,67,14,0.017,0,0.0,3,1
What Women Want,2000,2000,Comedy,127,70000000.0,6.3,55269,0,2,0.0,0,6,0.0,0,0,0.0,1,0.5,1,0
Wild Things,1998,1990,Crime,108,20000000.0,6.6,40523,6,4,0.6,202,509,0.397,29,10,0.058,0,0.0,3,1
Wild Wild West,1999,1990,Action,106,170000000.0,4.3,54943,1,3,0.25,21,322,0.065,0,0,0.0,0,0.0,2,0
Willow,1988,1980,Action,126,35000000.0,7.1,33506,3,6,0.333,39,298,0.131,0,0,0.0,0,0.0,3,1
Witness,1985,1980,Drama,112,12000000.0,7.6,30705,2,5,0.286,99,357,0.277,4,7,0.032,0,0.0,3,1
The Wizard Of Oz,1939,1930,Adventure,102,2777000.0,8.3,104873,2,7,0.222,208,601,0.346,10,9,0.006,0,0.333,3,1
The World Is Not Enough,1999,1990,Action,128,135000000.0,6.3,60047,2,7,0.222,90,312,0.288,0,0,0.0,0,0.0,2,0
Watchmen,2009,2000,Action,163,130000000.0,7.8,135229,2,5,0.286,101,366,0.276,0,0,0.0,0,0.0,3,1
Xxx,2002,2000,Action,124,70000000.0,5.6,53505,1,4,0.2,68,412,0.165,0,0,0.0,0,0.0,1,0
X-Men,2000,2000,Action,104,75000000.0,7.4,122149,2,5,0.286,0,175,0.0,0,0,0.0,0,0.0,1,0
Young Frankenstein,1974,1970,Comedy,106,2800000.0,8.0,57618,3,5,0.375,117,575,0.203,0,0,0.0,0,0.0,2,0
